<?xml version="1.0"?>
<data grt_format="2.0">
  <value _ptr_="00000186F594D260" type="list" content-type="object" content-struct-name="db.mgmt.Connection">
    <value type="object" struct-name="db.mgmt.Connection" id="{C7675D65-CC62-4529-9558-1515B8826A02}" struct-checksum="0x96ba47d8">
      <link type="object" struct-name="db.mgmt.Driver" key="driver">com.mysql.rdbms.mysql.driver.native</link>
      <value type="string" key="hostIdentifier">Mysql@www.hallon.rarisma.net:3306</value>
      <value type="int" key="isDefault">0</value>
      <value _ptr_="00000186F1D8D9F0" type="dict" key="modules"/>
      <value _ptr_="00000186F1D8EB30" type="dict" key="parameterValues">
        <value type="string" key="DbSqlEditor:LastDefaultSchema">feedbacktracker</value>
        <value type="string" key="SQL_MODE"></value>
        <value type="string" key="hostName">www.hallon.rarisma.net</value>
        <value type="int" key="lastConnected">1738233297</value>
        <value type="string" key="password"></value>
        <value type="int" key="port">3306</value>
        <value type="string" key="schema"></value>
        <value type="string" key="serverVersion">8.0.36</value>
        <value type="string" key="sslCA"></value>
        <value type="string" key="sslCert"></value>
        <value type="string" key="sslCipher"></value>
        <value type="string" key="sslKey"></value>
        <value type="int" key="useSSL">1</value>
        <value type="string" key="userName">trackeradmin</value>
      </value>
      <value type="string" key="name">tse project</value>
      <link type="object" struct-name="GrtObject" key="owner">{C3E50FE2-74A4-41CC-8F71-CBEB3D25B8FA}</link>
    </value>
    <value type="object" struct-name="db.mgmt.Connection" id="{3E6A8F12-9D01-4037-8EDB-9CF20AE2AFB2}" struct-checksum="0x96ba47d8">
      <link type="object" struct-name="db.mgmt.Driver" key="driver">com.mysql.rdbms.mysql.driver.native</link>
      <value type="string" key="hostIdentifier">Mysql@127.0.0.1:3306</value>
      <value type="int" key="isDefault">0</value>
      <value _ptr_="00000186F1D8DD50" type="dict" key="modules"/>
      <value _ptr_="00000186F1D8EF50" type="dict" key="parameterValues">
        <value type="string" key="DbSqlEditor:LastDefaultSchema">adventureworks2019</value>
        <value type="string" key="SQL_MODE"></value>
        <value type="string" key="hostName">127.0.0.1</value>
        <value type="int" key="lastConnected">1745773639</value>
        <value type="string" key="password"></value>
        <value type="int" key="port">3306</value>
        <value type="string" key="schema"></value>
        <value type="string" key="serverVersion">8.0.40</value>
        <value type="string" key="sslCA"></value>
        <value type="string" key="sslCert"></value>
        <value type="string" key="sslCipher"></value>
        <value type="string" key="sslKey"></value>
        <value type="int" key="useSSL">1</value>
        <value type="string" key="userName">root</value>
      </value>
      <value type="string" key="name">AdventureWorks2019</value>
      <link type="object" struct-name="GrtObject" key="owner">{C3E50FE2-74A4-41CC-8F71-CBEB3D25B8FA}</link>
    </value>
    <value type="object" struct-name="db.mgmt.Connection" id="{50FED535-49C1-4B7C-B62B-3D0DD851DA5C}" struct-checksum="0x96ba47d8">
      <link type="object" struct-name="db.mgmt.Driver" key="driver">com.mysql.rdbms.mysql.driver.native</link>
      <value type="string" key="hostIdentifier">Mysql@127.0.0.1:3306</value>
      <value type="int" key="isDefault">1</value>
      <value _ptr_="00000186F1D8EFB0" type="dict" key="modules"/>
      <value _ptr_="00000186F1D8E0B0" type="dict" key="parameterValues">
        <value type="string" key="DbSqlEditor:LastDefaultSchema">finalyearproject</value>
        <value type="int" key="OPT_LOCAL_INFILE">1</value>
        <value type="string" key="SQL_MODE"></value>
        <value type="string" key="hostName">127.0.0.1</value>
        <value type="int" key="lastConnected">1771595427</value>
        <value type="string" key="password"></value>
        <value type="int" key="port">3306</value>
        <value type="string" key="schema"></value>
        <value type="string" key="serverVersion">8.0.40</value>
        <value type="string" key="sslCA"></value>
        <value type="string" key="sslCert"></value>
        <value type="string" key="sslCipher"></value>
        <value type="string" key="sslKey"></value>
        <value type="int" key="useSSL">1</value>
        <value type="string" key="userName">root</value>
      </value>
      <value type="string" key="name">ConnectionFinalYearProject</value>
      <link type="object" struct-name="GrtObject" key="owner">{C3E50FE2-74A4-41CC-8F71-CBEB3D25B8FA}</link>
    </value>
  </value>
</data>
