<?xml version="1.0"?>
<data grt_format="2.0">
  <value _ptr_="00000186F594CD20" type="list" content-type="object" content-struct-name="db.mgmt.ServerInstance">
    <value type="object" struct-name="db.mgmt.ServerInstance" id="{18D80AF4-F0A5-4784-83FA-0047D54682B7}" struct-checksum="0x367436e2">
      <link type="object" struct-name="db.mgmt.Connection" key="connection">{C7675D65-CC62-4529-9558-1515B8826A02}</link>
      <value _ptr_="00000186F1D8E590" type="dict" key="loginInfo"/>
      <value _ptr_="00000186F1D8E4D0" type="dict" key="serverInfo">
        <value type="int" key="setupPending">1</value>
      </value>
      <value type="string" key="name">tse project</value>
    </value>
    <value type="object" struct-name="db.mgmt.ServerInstance" id="{5B4A3B24-65B4-463E-AE29-29F3F544781B}" struct-checksum="0x367436e2">
      <link type="object" struct-name="db.mgmt.Connection" key="connection">{3E6A8F12-9D01-4037-8EDB-9CF20AE2AFB2}</link>
      <value _ptr_="00000186F1D8EA70" type="dict" key="loginInfo">
        <value type="string" key="ssh.hostName"></value>
        <value type="string" key="ssh.key">C:\Users\matth\AppData\Roaming/.ssh/ssh_private_key</value>
        <value type="string" key="ssh.localPort">3306</value>
        <value type="int" key="ssh.useKey">0</value>
        <value type="string" key="ssh.userName">mysql</value>
      </value>
      <value _ptr_="00000186F1D90450" type="dict" key="serverInfo">
        <value type="int" key="setupPending">1</value>
        <value type="int" key="windowsAdmin">1</value>
      </value>
      <value type="string" key="name">AdventureWorks2019</value>
    </value>
    <value type="object" struct-name="db.mgmt.ServerInstance" id="{426726E0-0A33-4605-B0CA-F86128A81BA6}" struct-checksum="0x367436e2">
      <link type="object" struct-name="db.mgmt.Connection" key="connection">{50FED535-49C1-4B7C-B62B-3D0DD851DA5C}</link>
      <value _ptr_="00000186F1D8F610" type="dict" key="loginInfo">
        <value type="string" key="ssh.hostName"></value>
        <value type="string" key="ssh.key">C:\Users\matth\AppData\Roaming/.ssh/ssh_private_key</value>
        <value type="string" key="ssh.localPort">3306</value>
        <value type="int" key="ssh.useKey">0</value>
        <value type="string" key="ssh.userName">mysql</value>
      </value>
      <value _ptr_="00000186F1D8FD30" type="dict" key="serverInfo">
        <value type="int" key="setupPending">0</value>
        <value type="string" key="sys.sudo"></value>
        <value type="int" key="windowsAdmin">1</value>
      </value>
      <value type="string" key="name">ConnectionFinalYearProject</value>
    </value>
  </value>
</data>
